[
    {
        "0": "丈夫",
        "1": "上映时间",
        "2": "主持人",
        "3": "主演",
        "4": "主角",
        "5": "人口数量",
        "6": "作曲",
        "7": "作者",
        "8": "作词",
        "9": "出品公司",
        "10": "出版社",
        "11": "出生地",
        "12": "出生日期",
        "13": "创始人",
        "14": "制片人",
        "15": "占地面积",
        "16": "号",
        "17": "嘉宾",
        "18": "国籍",
        "19": "妻子",
        "20": "字",
        "21": "导演",
        "22": "总部地点",
        "23": "成立日期",
        "24": "所在城市",
        "25": "所属专辑",
        "26": "改编自",
        "27": "朝代",
        "28": "歌手",
        "29": "母亲",
        "30": "毕业院校",
        "31": "民族",
        "32": "气候",
        "33": "注册资本",
        "34": "海拔",
        "35": "父亲",
        "36": "目",
        "37": "祖籍",
        "38": "简称",
        "39": "编剧",
        "40": "董事长",
        "41": "身高",
        "42": "连载网站",
        "43": "面积"
    },
    {
        "丈夫": 0,
        "上映时间": 1,
        "主持人": 2,
        "主演": 3,
        "主角": 4,
        "人口数量": 5,
        "作曲": 6,
        "作者": 7,
        "作词": 8,
        "出品公司": 9,
        "出版社": 10,
        "出生地": 11,
        "出生日期": 12,
        "创始人": 13,
        "制片人": 14,
        "占地面积": 15,
        "号": 16,
        "嘉宾": 17,
        "国籍": 18,
        "妻子": 19,
        "字": 20,
        "导演": 21,
        "总部地点": 22,
        "成立日期": 23,
        "所在城市": 24,
        "所属专辑": 25,
        "改编自": 26,
        "朝代": 27,
        "歌手": 28,
        "母亲": 29,
        "毕业院校": 30,
        "民族": 31,
        "气候": 32,
        "注册资本": 33,
        "海拔": 34,
        "父亲": 35,
        "目": 36,
        "祖籍": 37,
        "简称": 38,
        "编剧": 39,
        "董事长": 40,
        "身高": 41,
        "连载网站": 42,
        "面积": 43
    }
]